{"packages/cupertino_icons/assets/CupertinoIcons.ttf":["packages/cupertino_icons/assets/CupertinoIcons.ttf"],"fonts/Open-Sans-800.ttf":["fonts/Open-Sans-800.ttf"],"fonts/Playfair-Display-700.ttf":["fonts/Playfair-Display-700.ttf"],"fonts/Playfair-Display-900.ttf":["fonts/Playfair-Display-900.ttf"],"fonts/Quicksand-semibold-600.ttf":["fonts/Quicksand-semibold-600.ttf"],"fonts/Recoleta-Medium-500.ttf":["fonts/Recoleta-Medium-500.ttf"],"fonts/Recoleta-SemiBold-600.ttf":["fonts/Recoleta-SemiBold-600.ttf"],"packages/material_design_icons_flutter/lib/fonts/materialdesignicons-webfont.ttf":["packages/material_design_icons_flutter/lib/fonts/materialdesignicons-webfont.ttf"],"assets/rodion-kutsaev.jpeg":["assets/rodion-kutsaev.jpeg"],"assets/steve-johnson.jpeg":["assets/steve-johnson.jpeg"]}