[{"family":"MaterialIcons","fonts":[{"asset":"fonts/MaterialIcons-Regular.ttf"}]},{"family":"Quicksand","fonts":[{"weight":600,"asset":"fonts/Quicksand-semibold-600.ttf"}]},{"family":"Recoleta","fonts":[{"weight":500,"asset":"fonts/Recoleta-Medium-500.ttf"},{"weight":600,"asset":"fonts/Recoleta-SemiBold-600.ttf"}]},{"family":"Playfair-Display","fonts":[{"weight":700,"asset":"fonts/Playfair-Display-700.ttf"},{"weight":900,"asset":"fonts/Playfair-Display-900.ttf"}]},{"family":"Open-Sans","fonts":[{"weight":800,"asset":"fonts/Open-Sans-800.ttf"}]},{"family":"packages/cupertino_icons/CupertinoIcons","fonts":[{"asset":"packages/cupertino_icons/assets/CupertinoIcons.ttf"}]},{"family":"packages/material_design_icons_flutter/Material Design Icons","fonts":[{"asset":"packages/material_design_icons_flutter/lib/fonts/materialdesignicons-webfont.ttf"}]}]